Cluster,Intent,Keywords,Primary Keyword,Completed
Dental Cleanings and Routine Check-ups San Diego,Users seeking regular dental maintenance appointments and basic check-ups in the San Diego area.,"dental cleaning San Diego, professional teeth cleaning San Diego, routine dental check up San Diego, dental exam San Diego, how often should I get a dental cleaning, benefits of dental cleaning, San Diego dental hygiene, painless dental cleaning San Diego",dental cleaning San Diego,Yes
Preventing Gum Disease and Periodontal Health San Diego,"Users researching gum problems, their prevention, and seeking treatment options like scaling or root planing in San Diego.","gum disease symptoms San Diego, preventing gum disease, gingivitis treatment San Diego, periodontal disease treatment San Diego, scaling and root planing San Diego, deep cleaning teeth cost San Diego, San Diego periodontist, healthy gums San Diego",gum disease treatment San Diego,Yes
Importance of Regular Dental Visits and Oral Health Tips San Diego,Users seeking information on why regular dental visits are important and looking for tips to maintain good oral hygiene.,"importance of regular dental visits, why go to dentist regularly, preventative dental care San Diego, oral hygiene tips San Diego, dental health tips for adults, dental health San Diego, maintaining oral health San Diego",preventative dental care San Diego,Yes
Dental Fillings San Diego - Types and Procedures,"Users with cavities looking for information on dental fillings, different types, costs, and the procedure in San Diego.","dental fillings San Diego, tooth filling types, white filling San Diego, composite vs amalgam filling, cavity filling cost San Diego, how long do dental fillings last, repairing cavities San Diego",dental fillings San Diego,Yes
"Dental Crowns, Bridges, and Dentures in San Diego","Users with damaged or missing teeth exploring options like crowns, bridges, or dentures for repair and replacement in San Diego.","dental crown San Diego, dental bridge San Diego, dentures San Diego, partial dentures San Diego, full dentures San Diego, dental crown cost San Diego, dental bridge cost San Diego, types of dental crowns, caring for dentures",dental crowns and bridges San Diego,Yes
Dental Implants and Tooth Replacement in San Diego,Users with missing teeth specifically researching dental implants and other comprehensive tooth replacement solutions in San Diego.,"dental implants San Diego, tooth replacement options San Diego, cost of dental implants San Diego, dental implant procedure San Diego, single dental implant cost San Diego, best dental implants San Diego, replace missing teeth San Diego",dental implants San Diego,
Root Canal Therapy San Diego - Saving Your Tooth,Users experiencing symptoms of infected tooth looking for information and seeking root canal treatment in San Diego.,"root canal San Diego, symptoms needing root canal, is a root canal painful, root canal cost San Diego, what happens during a root canal, saving a damaged tooth San Diego, endodontist San Diego",root canal San Diego,
Professional Teeth Whitening San Diego,"Users wanting to improve their smile's brightness, researching professional teeth whitening options and costs in San Diego.","teeth whitening San Diego, professional teeth whitening cost San Diego, in office teeth whitening San Diego, take home whitening trays San Diego, best teeth whitening San Diego, Zoom teeth whitening San Diego, sensitive teeth whitening San Diego",teeth whitening San Diego,
"Dental Veneers, Bonding, and Smile Makeovers San Diego","Users seeking significant cosmetic improvements to their smile through procedures like veneers, bonding, or a full smile makeover in San Diego.","dental veneers San Diego, porcelain veneers cost San Diego, composite veneers San Diego, dental bonding San Diego, fix chipped tooth San Diego, cosmetic dental bonding cost San Diego, smile makeover San Diego, cosmetic dentist San Diego, improve smile appearance San Diego",dental veneers San Diego,
Orthodontic Consultations and Invisalign in San Diego,"Users looking to straighten their teeth, researching clear aligners like Invisalign, and seeking initial orthodontic assessments in San Diego.","Invisalign San Diego, clear aligners San Diego, straighten teeth San Diego, orthodontic evaluation San Diego, early orthodontic intervention San Diego, Invisalign cost San Diego, crooked teeth San Diego",Invisalign San Diego,
How to Choose a Dentist in San Diego,"Users actively searching for a new dentist in the San Diego area based on location, reviews, and suitability.","how to choose dentist San Diego, best dentist San Diego, find a dentist near me San Diego, dental clinic San Diego, highly rated dentist San Diego, family dentist San Diego",best dentist San Diego,
Common Dental FAQs and Concerns San Diego,"Users looking for answers to general dental questions, exploring common issues, or seeking solutions for mild pain before visiting a dentist.","dental pain San Diego, toothache relief San Diego, common dental problems, dentist San Diego reviews, dental health questions, what to ask your dentist",dental pain San Diego,
Emergency Dental Care San Diego,Users experiencing urgent dental problems such as severe pain or broken teeth and needing immediate dental attention in San Diego.,"emergency dentist San Diego, urgent dental care San Diego, dental emergency San Diego, tooth pain emergency San Diego, broken tooth San Diego, after hours dentist San Diego",emergency dentist San Diego,
