Topic,Keywords,Summary,URL
Recognizing the Right Time for Early Orthodontic Intervention,"early orthodontic intervention, orthodontic evaluation, dental development","- Discusses the importance of early orthodontic evaluations to identify potential issues before they become more complex. 
- Highlights the American Association of Orthodontists' recommendation for children to have their first orthodontic evaluation by age 7. 
- Emphasizes that early intervention can guide jaw growth, create space for permanent teeth, and prevent future dental problems. 
- Mentions that not all children will require immediate treatment, but early evaluation allows for timely intervention when necessary.",https://dentistinnorthpark.com/recognizing-the-right-time-for-early-orthodontic-intervention/
Transforming Dental Care with Same-Day Crowns: The CEREC Advantage,"same-day crowns, CEREC technology, dental restoration, digital impressions, dental crowns","- Introduces CEREC technology, enabling same-day dental crowns. 
- Highlights benefits: single-visit procedure, no temporary crowns, digital impressions. 
- Emphasizes natural appearance and durability of CEREC crowns. 
- Discusses the procedure: digital scanning, CAD design, in-office milling. 
- Notes that not all patients may be suitable candidates for CEREC crowns.",https://dentistinnorthpark.com/transforming-dental-care-with-same-day-crowns-the-cerec-advantage/
Understanding the Need for Dental Extractions: When and Why,"dental extractions, tooth decay, gum disease, overcrowding, impacted teeth","- Discusses various reasons for dental extractions, including severe tooth decay, advanced gum disease, overcrowding, and impacted teeth. 
- Emphasizes that extractions are often a last resort when other treatments are not feasible. 
- Highlights the importance of early dental evaluations to prevent the need for extractions. 
- Recommends consulting a dentist if experiencing symptoms like persistent pain, swelling, or difficulty chewing.",https://dentistinnorthpark.com/understanding-the-need-for-dental-extractions-when-and-why/
The Importance of Retainers for Maintaining a Straightened Smile,"retainers, orthodontic treatment, tooth alignment, bite stability, oral health","- Discusses the role of retainers in stabilizing teeth after orthodontic treatment. 
- Emphasizes that retainers prevent teeth from shifting back to their original positions. 
- Highlights the importance of wearing retainers as prescribed to maintain alignment and prevent relapse. 
- Mentions that retainers help preserve bite alignment, contributing to overall oral health. 
- Advises on proper care and maintenance of retainers to ensure their effectiveness.",https://dentistinnorthpark.com/the-importance-of-retainers-for-maintaining-a-straightened-smile/
An AI Power Play: Fueling the Next Wave of Innovation in the Energy Sector,"AI in energy, heat rate optimizer, emissions reduction, operational efficiency, Vistra Corp.","- Describes Vistra Corp.'s collaboration with McKinsey to implement an AI-driven heat rate optimizer (HRO) at the Martin Lake Power Plant. 
- Highlights the HRO's ability to analyze complex data and provide real-time recommendations, leading to a 2% improvement in thermal efficiency. 
- Emphasizes the resulting annual savings of $4.5 million and a reduction of 340,000 tons of carbon emissions. 
- Notes the rapid achievement of these results compared to traditional methods, showcasing AI's potential in accelerating operational improvements.",https://www.mckinsey.com/capabilities/mckinsey-digital/how-we-help-clients/an-ai-power-play-fueling-the-next-wave-of-innovation-in-the-energy-sector
"The Lifespan of Dental Restorations: Crowns, Bridges, Veneers, and Fillings","dental restorations lifespan, crowns, bridges, veneers, fillings","- Discusses the expected lifespans of various dental restorations: fillings (5–15 years), crowns (10–15 years), bridges (10–15 years), and veneers (10–15 years). ([thebeverlydentalgroup.com](https://www.thebeverlydentalgroup.com/how-long-does-tooth-restoration-last/?utm_source=openai))
- Highlights factors influencing longevity, including material choice, oral hygiene, and individual habits. ([monodentalimplantacademy.com](https://monodentalimplantacademy.com/dental-implant/dental-restoration/long-lasting-dental-restorations/?utm_source=openai))
- Emphasizes the importance of regular dental check-ups and proper care to maximize the durability of restorations. ([rocktowndental.com](https://www.rocktowndental.com/faq/dental-work/45831?utm_source=openai))",https://dentistinnorthpark.com/the-lifespan-of-dental-restorations-crowns-bridges-veneers-and-fillings/
The Advantages of Boutique-Style Dentistry at Signature Dental Studio,"boutique dentistry, personalized care, patient comfort, advanced technology, Signature Dental Studio","- **Personalized Care:** Signature Dental Studio offers individualized treatment plans, ensuring each patient's unique needs are met. ([yorkvilledental.com](https://www.yorkvilledental.com/yorkville-dental-blog/7%20Benefits%20of%20Choosing%20Boutique%20Dental%20Care%20in%20Yorkville?utm_source=openai))
- **Enhanced Patient Comfort:** The practice provides a welcoming environment with modern equipment and a focus on patient comfort. ([monaghansrvc.com](https://monaghansrvc.com/post/best-of-21-dental-clinics-in-san-diego.p5460?utm_source=openai))
- **Advanced Technology:** Utilizes state-of-the-art technology, including 3D imaging, to deliver high-quality dental care. ([trustindex.io](https://www.trustindex.io/reviews/dentistinnorthpark.com?utm_source=openai))
- **Consistent Care:** Patients experience continuity with the same dental professionals, fostering trust and familiarity. ([hillcountryoralsurgery.com](https://www.hillcountryoralsurgery.com/benefits-of-a-boutique-dental-practice/?utm_source=openai))
- **Comprehensive Services:** Offers a wide range of dental services, from routine checkups to cosmetic procedures, all under one roof. ([zdentistrydfw.com](https://zdentistrydfw.com/blog/dental-care/the-benefits-of-boutique-dental-care-for-your-smile/?utm_source=openai))",https://dentistinnorthpark.com/the-advantages-of-boutique-style-dentistry-at-signature-dental-studio/
Choosing Between Dental Bridges and Implants,"dental bridges, dental implants, tooth replacement options","- Compares dental bridges and implants for replacing missing teeth.
- Discusses advantages and disadvantages of dental bridges, including cost-effectiveness and potential impact on adjacent teeth.
- Highlights benefits and drawbacks of dental implants, such as durability and the need for surgical placement.
- Emphasizes the importance of consulting with a dentist to determine the most suitable option based on individual needs.",https://dentistinnorthpark.com/your-guide-to-choosing-between-dental-bridges-and-implants-2/
Choosing Between Dental Bridges and Implants,"dental bridges, dental implants, tooth replacement options","- Compares dental bridges and implants for replacing missing teeth.
- Discusses advantages and disadvantages of dental bridges, including cost-effectiveness and potential impact on adjacent teeth.
- Highlights benefits and drawbacks of dental implants, such as durability and the need for surgical placement.
- Emphasizes the importance of consulting with a dentist to determine the most suitable option based on individual needs.",https://dentistinnorthpark.com/your-guide-to-choosing-between-dental-bridges-and-implants/
Understanding Deep Cleaning: Scaling and Root Planing,"scaling and root planing, deep cleaning, gum disease treatment","- Defines scaling and root planing as a deep cleaning procedure for treating gum disease. 
- Describes scaling as the removal of plaque and tartar from above and below the gumline. 
- Explains root planing as smoothing the root surfaces to help gums reattach to teeth. 
- Mentions the use of local anesthesia to minimize discomfort during the procedure. 
- Notes that the procedure may require more than one visit, depending on the severity of the gum disease.",https://dentistinnorthpark.com/understanding-deep-cleaning-scaling-and-root-planing-at-signature-dental-studio/
