URL,Analysed
https://dentistinnorthpark.com/recognizing-the-right-time-for-early-orthodontic-intervention/,Yes
https://dentistinnorthpark.com/transforming-dental-care-with-same-day-crowns-the-cerec-advantage/,Yes
https://dentistinnorthpark.com/understanding-the-need-for-dental-extractions-when-and-why/,Yes
https://dentistinnorthpark.com/the-importance-of-retainers-for-maintaining-a-straightened-smile/,Yes
https://www.mckinsey.com/capabilities/mckinsey-digital/how-we-help-clients/an-ai-power-play-fueling-the-next-wave-of-innovation-in-the-energy-sector,Yes
https://dentistinnorthpark.com/the-lifespan-of-dental-restorations-crowns-bridges-veneers-and-fillings/,Yes
https://dentistinnorthpark.com/your-guide-to-choosing-between-dental-bridges-and-implants-2/,Yes
https://dentistinnorthpark.com/your-guide-to-choosing-between-dental-bridges-and-implants/,Yes
https://dentistinnorthpark.com/understanding-deep-cleaning-scaling-and-root-planing-at-signature-dental-studio/,Yes
https://dentistinnorthpark.com/the-advantages-of-boutique-style-dentistry-at-signature-dental-studio/,Yes
